{"loss": 0.4228886663913727, "R@1": 0.9188352792235195, "R@10": 0.9816429877619919, "R@20": 0.9879729919819946, "R@30": 0.990856660571107, "R@40": 0.9920523280348854, "R@50": 0.9933183288788859, "_runtime": 7127, "_timestamp": 1630815468, "_step": 59, "_wandb": {"runtime": 7128}}