{"loss": 9.970428466796875, "R@1": 0.7857591484579022, "R@10": 0.9043006842749, "R@100": 0.9596542263065684, "R@1000": 0.9858021222438927, "_runtime": 17190, "_timestamp": 1629832503, "_step": 59, "_wandb": {"runtime": 17191}}