{"loss": 5.221367359161377, "R@1": 0.7812469009288949, "R@10": 0.9019701828038742, "R@100": 0.9580675019007636, "R@1000": 0.9852897424878516, "_runtime": 23175, "_timestamp": 1630529744, "_step": 59, "_wandb": {"runtime": 23176}}