{"loss": 5.095917701721191, "R@1": 0.6802835921674544, "R@2": 0.786968264686023, "R@4": 0.8652937204591492, "R@8": 0.9169480081026333, "R@16": 0.9549291019581364, "R@32": 0.9763673193787981, "_runtime": 1334, "_timestamp": 1629890728, "_step": 39, "_wandb": {"runtime": 1335}}