{"loss": 4.744748115539551, "R@1": 0.9167956111970741, "R@10": 0.9804473202982136, "R@20": 0.9871993247995499, "R@30": 0.9900829933886622, "R@40": 0.9915599943733295, "R@50": 0.9928963285975524, "_runtime": 7028, "_timestamp": 1630759849, "_step": 59, "_wandb": {"runtime": 7030}}