{"loss": 0.32443171739578247, "R@1": 0.7843872929820502, "R@10": 0.9035073220719976, "R@100": 0.9595054708935242, "R@1000": 0.9858021222438927, "_runtime": 22742, "_timestamp": 1630595229, "_step": 59, "_wandb": {"runtime": 22743}}