{"loss": 5.371867656707764, "R@1": 0.6804523970290345, "R@2": 0.7847738014854828, "R@4": 0.8595543551654288, "R@8": 0.9186360567184335, "R@16": 0.9556043214044565, "R@32": 0.974848075624578, "_runtime": 1334, "_timestamp": 1629898076, "_step": 39, "_wandb": {"runtime": 1335}}