{"loss": 10.049882888793945, "R@1": 0.7855773362864038, "R@10": 0.9039866450695845, "R@100": 0.9584476546229876, "R@1000": 0.984843476248719, "_runtime": 22899, "_timestamp": 1630183571, "_step": 59, "_wandb": {"runtime": 22900}}