{"loss": 16.443462371826172, "R@1": 0.518891937456613, "R@10": 0.6836633499719017, "R@100": 0.8214273908300552, "R@1000": 0.9372086873161218, "_runtime": 1577, "_timestamp": 1630247511, "_step": 1, "_wandb": {"runtime": 1578}}