{"loss": 8.883203506469727, "R@1": 0.9163032775355183, "R@10": 0.9796033197355465, "R@20": 0.9866366577577719, "R@30": 0.9890983260655507, "R@40": 0.9911379940919961, "R@50": 0.9926149950766634, "_runtime": 7046, "_timestamp": 1629798805, "_step": 59, "_wandb": {"runtime": 7047}}