{"loss": 5.332913875579834, "R@1": 0.6718433490884538, "R@2": 0.7783592167454423, "R@4": 0.8580351114112087, "R@8": 0.9130654962862931, "R@16": 0.9515530047265361, "R@32": 0.9733288318703579, "_runtime": 1332, "_timestamp": 1629894700, "_step": 39, "_wandb": {"runtime": 1333}}