{"loss": 5.350651741027832, "R@1": 0.6723497636731938, "R@2": 0.7815665091154625, "R@4": 0.8587103308575287, "R@8": 0.9115462525320729, "R@16": 0.9512153950033762, "R@32": 0.9738352464550979, "_runtime": 1333, "_timestamp": 1629875283, "_step": 39, "_wandb": {"runtime": 1334}}