{"loss": 5.719468593597412, "R@1": 0.6770762997974341, "R@2": 0.7846049966239028, "R@4": 0.863099257258609, "R@8": 0.9181296421336934, "R@16": 0.9523970290344362, "R@32": 0.974510465901418, "_runtime": 687, "_timestamp": 1630745318, "_step": 17, "_wandb": {"runtime": 688}}