{"loss": 7.326178550720215, "R@1": 0.9169362779575186, "R@10": 0.9809396539597693, "R@20": 0.9881839921226614, "R@30": 0.990575327050218, "R@40": 0.9917709945139963, "R@50": 0.9927556618371078, "_runtime": 7088, "_timestamp": 1630741392, "_step": 59, "_wandb": {"runtime": 7089}}