{"loss": 9.946341514587402, "R@1": 0.7830484942646524, "R@10": 0.9026478463521868, "R@100": 0.9582988992099435, "R@1000": 0.9844798519057221, "_runtime": 23305, "_timestamp": 1630012335, "_step": 59, "_wandb": {"runtime": 23306}}