{"loss": 8.984414100646973, "R@1": 0.92010128006752, "R@10": 0.9815726543817695, "R@20": 0.9878323252215502, "R@30": 0.9898719932479955, "R@40": 0.9914896609931073, "R@50": 0.9927556618371078, "_runtime": 7010, "_timestamp": 1629862607, "_step": 59, "_wandb": {"runtime": 7011}}