{"loss": 5.096531391143799, "R@1": 0.6769074949358541, "R@2": 0.7842673869007427, "R@4": 0.863436866981769, "R@8": 0.9186360567184335, "R@16": 0.9527346387575962, "R@32": 0.9756920999324781, "_runtime": 1335, "_timestamp": 1629892086, "_step": 39, "_wandb": {"runtime": 1336}}