{"loss": 10.247002601623535, "R@1": 0.7634623648804998, "R@10": 0.8873921523255429, "R@100": 0.9495553865987901, "R@1000": 0.9808270800965257, "_runtime": 21893, "_timestamp": 1630701649, "_step": 59, "_wandb": {"runtime": 21894}}