{"loss": 2.3067269325256348, "R@1": 0.7837096294337377, "R@10": 0.9022842220091898, "R@100": 0.9582493140722621, "R@1000": 0.9852732141086246, "_runtime": 23023, "_timestamp": 1630571016, "_step": 59, "_wandb": {"runtime": 23024}}