{"loss": 10.111554145812988, "R@1": 0.7711150044626623, "R@10": 0.8936729364318535, "R@100": 0.9528280056857624, "R@1000": 0.9831575815675515, "_runtime": 21985, "_timestamp": 1630679734, "_step": 58, "_wandb": {"runtime": 21986}}