{"loss": 5.129420280456543, "R@1": 0.6770762997974341, "R@2": 0.7849426063470628, "R@4": 0.8679945982444295, "R@8": 0.9171168129642133, "R@16": 0.9550979068197164, "R@32": 0.9758609047940581, "_runtime": 1333, "_timestamp": 1629791652, "_step": 39, "_wandb": {"runtime": 1334}}