{"loss": 5.099716663360596, "R@1": 0.6816340310600946, "R@2": 0.7844361917623227, "R@4": 0.8674881836596894, "R@8": 0.9179608372721134, "R@16": 0.9535786630654963, "R@32": 0.9733288318703579, "_runtime": 1334, "_timestamp": 1629883813, "_step": 39, "_wandb": {"runtime": 1335}}