{"loss": 5.487574100494385, "R@1": 0.6806212018906145, "R@2": 0.7896691424713032, "R@4": 0.8636056718433491, "R@8": 0.9135719108710331, "R@16": 0.9512153950033762, "R@32": 0.9740040513166779, "_runtime": 1339, "_timestamp": 1629899532, "_step": 39, "_wandb": {"runtime": 1340}}