{"loss": 10.085729598999023, "R@1": 0.777280089914383, "R@10": 0.8975571055502297, "R@100": 0.9566956464249116, "R@1000": 0.9854715546593501, "_runtime": 15667, "_timestamp": 1630836695, "_step": 39}