{"loss": 10.064386367797852, "R@1": 0.7794453075931375, "R@10": 0.899209943472943, "R@100": 0.9554064328451952, "R@1000": 0.9836203761859112, "_runtime": 22494, "_timestamp": 1630656704, "_step": 59, "_wandb": {"runtime": 22496}}