{"loss": 7.854969501495361, "R@1": 0.6645847400405132, "R@2": 0.7788656313301823, "R@4": 0.8561782579338285, "R@8": 0.9157663740715732, "R@16": 0.949696151249156, "R@32": 0.9718095881161377, "_runtime": 290, "_timestamp": 1630747374, "_step": 6, "_wandb": {"runtime": 290}}