{"loss": 5.288190841674805, "R@1": 0.6841661039837947, "R@2": 0.7903443619176233, "R@4": 0.8668129642133694, "R@8": 0.9169480081026333, "R@16": 0.9547602970965564, "R@32": 0.9770425388251182, "_runtime": 1341, "_timestamp": 1629873743, "_step": 39, "_wandb": {"runtime": 1341}}