{"loss": 4.762694835662842, "R@1": 0.6525995948683322, "R@2": 0.7626603646185011, "R@4": 0.8426738690074275, "R@8": 0.9061444969615124, "R@16": 0.9459824442943957, "R@32": 0.9699527346387576, "_runtime": 1395, "_timestamp": 1630118933, "_step": 39, "_wandb": {"runtime": 1396}}