{"loss": 6.007323265075684, "R@1": 0.6696488858879136, "R@2": 0.7797096556380824, "R@4": 0.8539837947332883, "R@8": 0.911883862255233, "R@16": 0.950708980418636, "R@32": 0.9713031735313977, "_runtime": 474, "_timestamp": 1630743557, "_step": 12, "_wandb": {"runtime": 475}}