{"loss": 5.49199914932251, "R@1": 0.6777515192437542, "R@2": 0.7775151924375422, "R@4": 0.8598919648885888, "R@8": 0.9184672518568535, "R@16": 0.9544226873733963, "R@32": 0.974679270762998, "_runtime": 1365, "_timestamp": 1630053592, "_step": 39, "_wandb": {"runtime": 1365}}