{"loss": 5.366098403930664, "R@1": 0.6814652261985145, "R@2": 0.7849426063470628, "R@4": 0.8646185010128292, "R@8": 0.9166103983794733, "R@16": 0.9525658338960162, "R@32": 0.9736664415935179, "_runtime": 1369, "_timestamp": 1630055449, "_step": 39, "_wandb": {"runtime": 1369}}