{"loss": 6.7494354248046875, "R@1": 0.8652072315828312, "R@2": 0.9196900750215226, "R@4": 0.9531422949206739, "R@8": 0.9723281269216578, "R@16": 0.9848727093838396, "R@32": 0.9920059033329234, "_runtime": 3236, "_timestamp": 1630066824, "_step": 39, "_wandb": {"runtime": 3237}}