{"loss": 5.174598693847656, "R@1": 0.6831532748143146, "R@2": 0.7913571910871033, "R@4": 0.8652937204591492, "R@8": 0.9166103983794733, "R@16": 0.9535786630654963, "R@32": 0.9738352464550979, "_runtime": 1336, "_timestamp": 1629880034, "_step": 39, "_wandb": {"runtime": 1337}}