{"loss": 4.789734363555908, "R@1": 0.675725860904794, "R@2": 0.7817353139770425, "R@4": 0.8637744767049291, "R@8": 0.9209993247805537, "R@16": 0.9540850776502363, "R@32": 0.9738352464550979, "_runtime": 1334, "_timestamp": 1629885752, "_step": 39, "_wandb": {"runtime": 1336}}