{"loss": 8.122635841369629, "R@1": 0.7809328617235793, "R@10": 0.901441274668606, "R@100": 0.9584145978645334, "R@1000": 0.9845459654226306, "_runtime": 23034, "_timestamp": 1630356733, "_step": 59, "_wandb": {"runtime": 23036}}