{"loss": 6.741205215454102, "R@1": 0.8623785512237118, "R@2": 0.9200590333292338, "R@4": 0.9556020169720821, "R@8": 0.974172918460214, "R@16": 0.9873324314352478, "R@32": 0.9929897921534867, "_runtime": 3304, "_timestamp": 1630058852, "_step": 39, "_wandb": {"runtime": 3304}}