{"loss": 8.935514450073242, "R@1": 0.9191166127444085, "R@10": 0.9802363201575468, "R@20": 0.9874103249402166, "R@30": 0.9906456604304403, "R@40": 0.9921929947953299, "R@50": 0.9928963285975524, "_runtime": 7014, "_timestamp": 1629814145, "_step": 59, "_wandb": {"runtime": 7014}}