{"loss": 9.033392906188965, "R@1": 0.919257279504853, "R@10": 0.9796033197355465, "R@20": 0.985300323533549, "R@30": 0.9882543255028837, "R@40": 0.9901533267688846, "R@50": 0.9917006611337741, "_runtime": 7000, "_timestamp": 1630074804, "_step": 59, "_wandb": {"runtime": 7001}}