{"loss": 9.034459114074707, "R@1": 0.9160922773948516, "R@10": 0.9817133211422141, "R@20": 0.9874103249402166, "R@30": 0.9900829933886622, "R@40": 0.9918413278942186, "R@50": 0.9929666619777746, "_runtime": 7035, "_timestamp": 1629871408, "_step": 59, "_wandb": {"runtime": 7037}}