{"loss": 5.4078450202941895, "R@1": 0.6686360567184335, "R@2": 0.7817353139770425, "R@4": 0.8644496961512491, "R@8": 0.9177920324105334, "R@16": 0.9512153950033762, "R@32": 0.9724848075624578, "_runtime": 1112, "_timestamp": 1630746447, "_step": 28, "_wandb": {"runtime": 1113}}