{"loss": 9.932243347167969, "R@1": 0.7814782982380748, "R@10": 0.9013586327724703, "R@100": 0.9580344451423094, "R@1000": 0.984843476248719, "_runtime": 18251, "_timestamp": 1629918300, "_step": 59, "_wandb": {"runtime": 18252}}