{"loss": 2.1628167629241943, "R@1": 0.9167956111970741, "R@10": 0.9813616542411028, "R@20": 0.9879729919819946, "R@30": 0.9911379940919961, "R@40": 0.9927556618371078, "R@50": 0.9932479954986637, "_runtime": 7139, "_timestamp": 1630772675, "_step": 59, "_wandb": {"runtime": 7140}}