{"loss": 9.930435180664062, "R@1": 0.6333558406482107, "R@2": 0.7481431465226198, "R@4": 0.8367656988521269, "R@8": 0.9046252532072924, "R@16": 0.9463200540175557, "R@32": 0.9691087103308575, "_runtime": 136, "_timestamp": 1629790255, "_step": 3, "_wandb": {"runtime": 136}}